grid_size,cells/sec
1024,1.31858e+06
4096,1.07227e+06
16384,830243
65536,1.14301e+06
262144,1.08165e+06
1048576,1.18747e+06
