block_size,cells/sec
32,1.07335e+06
64,1.07921e+06
81,1.2428e+06
128,1.10546e+06
256,930165
512,1.10097e+06
625,1.01209e+06
1024,1.16367e+06