grid_size,cells/sec
1024,963406
4096,3.75553e+06
16384,1.50717e+07
65536,4.60989e+07
262144,1.02607e+08
1048576,1.33755e+08
4194304,1.46837e+08
